{
  "decision_day": 14,
  "overall": {
    "naive": {
      "n": 159,
      "mae": 0.020017,
      "rmse": 0.029133,
      "bias": -0.008477,
      "max_abs": 0.093735
    },
    "debiased": {
      "n": 159,
      "mae": 0.011174,
      "rmse": 0.021669,
      "bias": -0.005965,
      "max_abs": 0.112664
    }
  },
  "novelty_only": {
    "naive": {
      "n": 75,
      "mae": 0.023962,
      "rmse": 0.026121,
      "bias": -0.000411,
      "max_abs": 0.046172
    },
    "debiased": {
      "n": 75,
      "mae": 0.009911,
      "rmse": 0.019522,
      "bias": -0.000168,
      "max_abs": 0.112664
    }
  },
  "by_category": {
    "flat": {
      "naive": {
        "n": 62,
        "mae": 0.00115,
        "rmse": 0.001644,
        "bias": -4.4e-05,
        "max_abs": 0.006317
      },
      "debiased": {
        "n": 62,
        "mae": 0.001906,
        "rmse": 0.00367,
        "bias": -0.000334,
        "max_abs": 0.017153
      }
    },
    "novelty_overshoot": {
      "naive": {
        "n": 41,
        "mae": 0.021541,
        "rmse": 0.023503,
        "bias": 0.021541,
        "max_abs": 0.038697
      },
      "debiased": {
        "n": 41,
        "mae": 0.010441,
        "rmse": 0.022086,
        "bias": -0.004055,
        "max_abs": 0.112664
      }
    },
    "primacy_dip": {
      "naive": {
        "n": 34,
        "mae": 0.026882,
        "rmse": 0.028964,
        "bias": -0.026882,
        "max_abs": 0.046172
      },
      "debiased": {
        "n": 34,
        "mae": 0.009272,
        "rmse": 0.015889,
        "bias": 0.004519,
        "max_abs": 0.053494
      }
    },
    "genuine_ramp": {
      "naive": {
        "n": 22,
        "mae": 0.059738,
        "rmse": 0.061647,
        "bias": -0.059738,
        "max_abs": 0.093735
      },
      "debiased": {
        "n": 22,
        "mae": 0.041597,
        "rmse": 0.045346,
        "bias": -0.041597,
        "max_abs": 0.075904
      }
    }
  },
  "by_decision_day": {
    "7": {
      "naive": {
        "n": 159,
        "mae": 0.02701,
        "rmse": 0.036841,
        "bias": -0.008741,
        "max_abs": 0.101964
      },
      "debiased": {
        "n": 159,
        "mae": 0.023499,
        "rmse": 0.036301,
        "bias": -0.009558,
        "max_abs": 0.112147
      }
    },
    "10": {
      "naive": {
        "n": 159,
        "mae": 0.023533,
        "rmse": 0.032848,
        "bias": -0.008508,
        "max_abs": 0.098321
      },
      "debiased": {
        "n": 159,
        "mae": 0.016132,
        "rmse": 0.028547,
        "bias": -0.007216,
        "max_abs": 0.112696
      }
    },
    "14": {
      "naive": {
        "n": 159,
        "mae": 0.020017,
        "rmse": 0.029133,
        "bias": -0.008477,
        "max_abs": 0.093735
      },
      "debiased": {
        "n": 159,
        "mae": 0.011174,
        "rmse": 0.021669,
        "bias": -0.005965,
        "max_abs": 0.112664
      }
    },
    "21": {
      "naive": {
        "n": 159,
        "mae": 0.016235,
        "rmse": 0.025039,
        "bias": -0.00794,
        "max_abs": 0.087307
      },
      "debiased": {
        "n": 159,
        "mae": 0.004912,
        "rmse": 0.011075,
        "bias": -0.002529,
        "max_abs": 0.064684
      }
    },
    "28": {
      "naive": {
        "n": 159,
        "mae": 0.013739,
        "rmse": 0.022326,
        "bias": -0.007463,
        "max_abs": 0.081635
      },
      "debiased": {
        "n": 159,
        "mae": 0.004487,
        "rmse": 0.010857,
        "bias": -0.001646,
        "max_abs": 0.077857
      }
    }
  },
  "by_decision_day_novelty_only": {
    "7": {
      "naive": {
        "n": 75,
        "mae": 0.037124,
        "rmse": 0.039689,
        "bias": 0.000461,
        "max_abs": 0.064557
      },
      "debiased": {
        "n": 75,
        "mae": 0.0301,
        "rmse": 0.039998,
        "bias": -0.002915,
        "max_abs": 0.112147
      }
    },
    "10": {
      "naive": {
        "n": 75,
        "mae": 0.030408,
        "rmse": 0.032752,
        "bias": 0.000291,
        "max_abs": 0.055591
      },
      "debiased": {
        "n": 75,
        "mae": 0.017349,
        "rmse": 0.028642,
        "bias": 0.000396,
        "max_abs": 0.112696
      }
    },
    "14": {
      "naive": {
        "n": 75,
        "mae": 0.023962,
        "rmse": 0.026121,
        "bias": -0.000411,
        "max_abs": 0.046172
      },
      "debiased": {
        "n": 75,
        "mae": 0.009911,
        "rmse": 0.019522,
        "bias": -0.000168,
        "max_abs": 0.112664
      }
    },
    "21": {
      "naive": {
        "n": 75,
        "mae": 0.01728,
        "rmse": 0.019026,
        "bias": -0.000566,
        "max_abs": 0.035269
      },
      "debiased": {
        "n": 75,
        "mae": 0.0035,
        "rmse": 0.006961,
        "bias": -0.001038,
        "max_abs": 0.039148
      }
    },
    "28": {
      "naive": {
        "n": 75,
        "mae": 0.013167,
        "rmse": 0.014588,
        "bias": -0.0006,
        "max_abs": 0.027933
      },
      "debiased": {
        "n": 75,
        "mae": 0.002841,
        "rmse": 0.009324,
        "bias": -0.001401,
        "max_abs": 0.077857
      }
    }
  }
}
